<?xml version="1.0" encoding="UTF-8"?>
<jdbcDataSource exportedWithPermissions="true"><folder>/datasources</folder><name>sayjj</name><version>1</version><label>sayjj</label><description></description><creationDate>2014-06-21T06:02:39.279+02:00</creationDate><updateDate>2014-11-03T17:22:46.871+01:00</updateDate><driver>org.mariadb.jdbc.Driver</driver><connectionUrl>jdbc:mysql://localhost:3306/glis</connectionUrl><connectionUser>da_admin</connectionUser><connectionPassword>ENC&lt;7235EC1B879289A168594C6B5215D183&gt;</connectionPassword><timezone></timezone></jdbcDataSource>