<?xml version="1.0" encoding="UTF-8"?>
<folder exportedWithPermissions="true"><parent>/Itabps</parent><name>Input_Control</name><label>Input Control</label><description></description><creationDate>2014-06-21T06:04:27.155+02:00</creationDate><updateDate>2014-06-21T06:04:27.155+02:00</updateDate><resource>pBranch</resource><resource>pCategory</resource><resource>pClass</resource><resource>pCustomer</resource><resource>pDate</resource><resource>pFromDate</resource><resource>pGroup</resource><resource>pPeriod</resource><resource>pPoNumber</resource><resource>pProduct</resource><resource>psmnumber</resource><resource>pStatus</resource><resource>pStyle</resource><resource>pSuplierID</resource><resource>pToDate</resource><resource>pTrn</resource><resource>ptrnnumber</resource><resource>pType</resource><resource>pVoucherNo</resource><resource>pYear</resource></folder>