<?xml version="1.0" encoding="UTF-8"?>
<inputControl exportedWithPermissions="true"><folder>/Itabps/Input_Control</folder><name>pBranch</name><version>0</version><label>Branch</label><description></description><creationDate>2014-06-22T06:39:53.092+02:00</creationDate><updateDate>2014-06-22T06:39:53.092+02:00</updateDate><type>2</type><mandatory>false</mandatory><readOnly>false</readOnly><visible>true</visible><dataType><localResource xmlns:xsi="http://www.w3.org/2001/XMLSchema-instance" exportedWithPermissions="false" xsi:type="dataType"><folder>/Itabps/Input_Control/pBranch_files</folder><name>pBranch</name><version>0</version><label>pBranch</label><description></description><creationDate>2014-06-22T06:39:53.092+02:00</creationDate><updateDate>2014-06-22T06:39:53.092+02:00</updateDate><type>1</type><regularExpr></regularExpr><strictMin>false</strictMin><strictMax>false</strictMax></localResource></dataType></inputControl>