<?xml version="1.0" encoding="UTF-8"?>
<inputControl exportedWithPermissions="true"><folder>/Itabps/Input_Control</folder><name>pDate</name><version>0</version><label>Date</label><description></description><creationDate>2014-08-26T07:28:36.059+02:00</creationDate><updateDate>2014-08-26T07:28:36.059+02:00</updateDate><type>2</type><mandatory>false</mandatory><readOnly>false</readOnly><visible>true</visible><dataType><localResource xmlns:xsi="http://www.w3.org/2001/XMLSchema-instance" exportedWithPermissions="false" xsi:type="dataType"><folder>/Itabps/Input_Control/pDate_files</folder><name>pDate</name><version>0</version><label>pDate</label><description></description><creationDate>2014-08-26T07:28:36.059+02:00</creationDate><updateDate>2014-08-26T07:28:36.059+02:00</updateDate><type>3</type><regularExpr></regularExpr><strictMin>false</strictMin><strictMax>false</strictMax></localResource></dataType></inputControl>