<?xml version="1.0" encoding="UTF-8"?>
<inputControl exportedWithPermissions="true"><folder>/Itabps/Input_Control</folder><name>pPoNumber</name><version>0</version><label>PO Number</label><description></description><creationDate>2014-06-22T07:07:49.749+02:00</creationDate><updateDate>2014-06-22T07:07:49.749+02:00</updateDate><type>2</type><mandatory>false</mandatory><readOnly>false</readOnly><visible>true</visible><dataType><localResource xmlns:xsi="http://www.w3.org/2001/XMLSchema-instance" exportedWithPermissions="false" xsi:type="dataType"><folder>/Itabps/Input_Control/pPoNumber_files</folder><name>pPoNumber</name><version>0</version><label>pPoNumber</label><description></description><creationDate>2014-06-22T07:07:49.749+02:00</creationDate><updateDate>2014-06-22T07:07:49.749+02:00</updateDate><type>1</type><regularExpr></regularExpr><strictMin>false</strictMin><strictMax>false</strictMax></localResource></dataType></inputControl>