<?xml version="1.0" encoding="UTF-8"?>
<inputControl exportedWithPermissions="true"><folder>/Itabps/Input_Control</folder><name>pSuplierID</name><version>0</version><label>Supplier ID</label><description></description><creationDate>2014-06-22T06:48:46.975+02:00</creationDate><updateDate>2014-06-22T06:48:46.975+02:00</updateDate><type>2</type><mandatory>false</mandatory><readOnly>false</readOnly><visible>true</visible><dataType><localResource xmlns:xsi="http://www.w3.org/2001/XMLSchema-instance" exportedWithPermissions="false" xsi:type="dataType"><folder>/Itabps/Input_Control/pSuplierID_files</folder><name>pSupplierID</name><version>0</version><label>pSupplierID</label><description></description><creationDate>2014-06-22T06:48:46.975+02:00</creationDate><updateDate>2014-06-22T06:48:46.975+02:00</updateDate><type>1</type><regularExpr></regularExpr><strictMin>false</strictMin><strictMax>false</strictMax></localResource></dataType></inputControl>