<?xml version="1.0" encoding="UTF-8"?>
<inputControl exportedWithPermissions="true"><folder>/Itabps/Input_Control</folder><name>pToDate</name><version>0</version><label>To Date</label><description></description><creationDate>2014-06-22T06:41:29.781+02:00</creationDate><updateDate>2014-06-22T06:41:29.781+02:00</updateDate><type>2</type><mandatory>false</mandatory><readOnly>false</readOnly><visible>true</visible><dataType><localResource xmlns:xsi="http://www.w3.org/2001/XMLSchema-instance" exportedWithPermissions="false" xsi:type="dataType"><folder>/Itabps/Input_Control/pToDate_files</folder><name>pToDate</name><version>0</version><label>pToDate</label><description></description><creationDate>2014-06-22T06:41:29.781+02:00</creationDate><updateDate>2014-06-22T06:41:29.781+02:00</updateDate><type>3</type><regularExpr></regularExpr><strictMin>false</strictMin><strictMax>false</strictMax></localResource></dataType></inputControl>