<?xml version="1.0" encoding="UTF-8"?>
<inputControl exportedWithPermissions="true"><folder>/Itabps/Input_Control</folder><name>pType</name><version>0</version><label>Type</label><description></description><creationDate>2014-07-05T17:04:22.270+02:00</creationDate><updateDate>2014-07-05T17:04:22.270+02:00</updateDate><type>2</type><mandatory>false</mandatory><readOnly>false</readOnly><visible>true</visible><dataType><localResource xmlns:xsi="http://www.w3.org/2001/XMLSchema-instance" exportedWithPermissions="false" xsi:type="dataType"><folder>/Itabps/Input_Control/pType_files</folder><name>pType</name><version>0</version><label>pType</label><description></description><creationDate>2014-07-05T17:04:22.270+02:00</creationDate><updateDate>2014-07-05T17:04:22.270+02:00</updateDate><type>1</type><regularExpr></regularExpr><strictMin>false</strictMin><strictMax>false</strictMax></localResource></dataType></inputControl>